"id","content","username","pic"
"1","123
","qiu","https://krseoul.imgtbl.com/i/2024/08/19/66c296964f836.jpg"
"2","123
","qiu","https://krseoul.imgtbl.com/i/2024/08/19/66c296964f836.jpg"
"2","223
","qiu","https://krseoul.imgtbl.com/i/2024/08/19/66c296964f836.jpg"
"9","123
","qiu","https://krseoul.imgtbl.com/i/2024/08/19/66c296964f836.jpg"
"9","测试
","qiu","https://krseoul.imgtbl.com/i/2024/08/19/66c296964f836.jpg"
"10","123
","qiu","https://krseoul.imgtbl.com/i/2024/08/19/66c296964f836.jpg"
"10","111
","qiu","https://krseoul.imgtbl.com/i/2024/08/19/66c296964f836.jpg"
"6","马龙好样的","秋窗","https://krseoul.imgtbl.com/i/2024/08/19/66c29697b3c88.jpeg"
"1","测试
","秋窗6","https://krseoul.imgtbl.com/i/2024/08/19/66c29697b3c88.jpeg"
"3","马龙好帅
","秋窗6","https://krseoul.imgtbl.com/i/2024/08/19/66c29697b3c88.jpeg"
"3","王楚钦也好帅
","王五","https://s2.loli.net/2024/08/19/dIauDHQl4ViGJj1.jpg"
"7","印度好样的
","王五","https://s2.loli.net/2024/08/19/dIauDHQl4ViGJj1.jpg"
"5","好
","秋窗6","https://krseoul.imgtbl.com/i/2024/08/19/66c29697b3c88.jpeg"
"3","太酷啦
","老张","https://s2.loli.net/2024/08/19/dIauDHQl4ViGJj1.jpg"
"1","我送一箱千纸鹤
","老李","https://s2.loli.net/2024/08/19/dIauDHQl4ViGJj1.jpg"
"1","现在是13:58,即将要答辩，有点紧张
","qiuchuang","https://s2.loli.net/2024/08/19/dIauDHQl4ViGJj1.jpg"
"1","测试
","袁奕","https://s2.loli.net/2024/08/19/dIauDHQl4ViGJj1.jpg"
