"id","username","password","pic"
"1","qiuchuang7","123456",
"62","秋窗","123456","https://s2.loli.net/2024/08/19/dIauDHQl4ViGJj1.jpg"
"63","lihua","362102",
"64","秋窗1","1234567","https://krseoul.imgtbl.com/i/2024/08/19/66c296964f836.jpg"
"65","秋窗6","123456","https://krseoul.imgtbl.com/i/2024/08/19/66c29697b3c88.jpeg"
"70","ym","123456",
"71","ys","123456",
"72","yy","123456@","https://s2.loli.net/2024/08/19/G8Rm2kDzjTABvPq.jpg"
"73","张三","123456",
"74","李四","123456",
"76","王老五","123456","https://s2.loli.net/2024/08/19/dIauDHQl4ViGJj1.jpg"
"77","老张","123456","https://s2.loli.net/2024/08/19/dIauDHQl4ViGJj1.jpg"
"78","老李","123456","https://s2.loli.net/2024/08/19/dIauDHQl4ViGJj1.jpg"
